HTTP/1.0 200 OK
Cache-Control: no-cache, private
Content-Type:  text/xml
Date:          Sat, 24 Jul 2021 19:48:41 GMT

<?xml version="1.0" encoding="UTF-8"?>
<document><users><title>Alessandra Koepp</title><author>Lea Gutkowski</author></users><users><title>Prof. Laverna Orn I</title><author>Jasmin Schulist</author></users><users><title>Hugh Lubowitz</title><author>Norene Streich</author></users><users><title>Gregg Oberbrunner</title><author>Reece Conroy</author></users><users><title>Dr. Maxime Hauck DDS</title><author>Joshuah Bruen</author></users><users><title>Mr. Alex Hills</title><author>Javonte Padberg</author></users><users><title>Miss Joy Cronin</title><author>Courtney Hill</author></users><users><title>Vern Stehr</title><author>Layne Legros</author></users><users><title>Dr. Mabelle Reichert PhD</title><author>Stone Schimmel</author></users><users><title>Parker Toy</title><author>Lucienne Klocko</author></users><users><title>Dock Murphy</title><author>Grace Homenick</author></users><users><title>Mrs. Josiane McKenzie III</title><author>Enoch Beatty</author></users><users><title>Miss Mona Rogahn</title><author>Hertha Lang</author></users><users><title>Katelynn Donnelly</title><author>Cathryn Effertz</author></users><users><title>Dr. Verda Roberts</title><author>Theodore Bartell</author></users><users><title>Prof. Jalen Powlowski</title><author>Emery Bode</author></users><users><title>Jaron Tromp</title><author>Juliana Goodwin</author></users><users><title>Mylene Corwin IV</title><author>Bailee Goyette</author></users><users><title>Ms. Oma Berge</title><author>Richmond Quitzon</author></users><users><title>Brycen Von</title><author>Jaqueline Gleason</author></users><users><title>Dr. Sophie Wuckert</title><author>Geraldine Quitzon</author></users><users><title>Tyrell Koss MD</title><author>Jovany Tremblay</author></users><users><title>Jayce Tillman</title><author>Stephania Gulgowski</author></users><users><title>Stephania Hagenes</title><author>Kaycee Weissnat</author></users><users><title>Ms. Treva Ritchie MD</title><author>Kristina Durgan</author></users><users><title>Broderick Hickle Sr.</title><author>Mitchell Wiza</author></users><users><title>Clark Huel</title><author>Ronaldo Dickinson</author></users><users><title>Prof. Celine Kulas IV</title><author>Zack Beier</author></users><users><title>Tessie Jerde</title><author>Tristin Toy</author></users><users><title>June Walter Jr.</title><author>Kiarra Schroeder</author></users><users><title>Shayne Senger</title><author>Jackie Bosco</author></users><users><title>Geovany Greenfelder</title><author>Alison Brakus</author></users><users><title>Kieran Kshlerin</title><author>Miles Walter</author></users><users><title>Caroline Wilderman</title><author>Rose Okuneva</author></users><users><title>Luisa Jones DVM</title><author>Kaya Farrell</author></users><users><title>Judd Auer</title><author>Elena Upton</author></users><users><title>Mabelle Hegmann</title><author>Claude McCullough</author></users><users><title>Vesta Reichel</title><author>Cary Wolf</author></users><users><title>Jesus Sauer</title><author>Justus Donnelly</author></users><users><title>Mckenzie Grady</title><author>Nya Gislason</author></users><users><title>Julianne Morissette</title><author>Demetrius McLaughlin</author></users><users><title>Danielle Cummerata</title><author>Dejah Kuhlman</author></users><users><title>Dr. Malcolm Green</title><author>Dashawn Satterfield</author></users><users><title>Mr. Lafayette Moen V</title><author>Diamond Schmitt</author></users><users><title>Dr. Jerad Carroll</title><author>Myra Murazik</author></users><users><title>Dr. Louisa Swaniawski</title><author>Audreanne Schuster</author></users><users><title>Prof. Mona Deckow II</title><author>Tyra Adams</author></users><users><title>Sydney Haley</title><author>Jamel Wilkinson</author></users><users><title>Dr. Johnathan Borer IV</title><author>Keanu Reichel</author></users><users><title>Lyla Hettinger</title><author>Austyn Treutel</author></users><users><title>Prof. Ervin Fay DDS</title><author>Deion Lehner</author></users><users><title>Tina Heidenreich</title><author>Queen Towne</author></users><users><title>Miss Myah Kautzer V</title><author>Oscar Brekke</author></users><users><title>Reinhold Kiehn</title><author>Garry Durgan</author></users><users><title>Jazlyn Bauch</title><author>Sarai Bins</author></users><users><title>Kelvin Kertzmann PhD</title><author>Dante Lehner</author></users><users><title>Ms. Jessyca Kautzer IV</title><author>Noemy Waelchi</author></users><users><title>Sandrine Wehner</title><author>Deanna Spencer</author></users><users><title>Dan Stokes</title><author>Suzanne Emard</author></users><users><title>Prof. Caitlyn Gislason</title><author>Kelley Doyle</author></users><users><title>Horacio O'Conner Sr.</title><author>Darius O'Conner</author></users><users><title>Mr. Isidro Kilback Sr.</title><author>Jailyn Feil</author></users><users><title>Retta Herzog</title><author>Weston Predovic</author></users><users><title>Abigail Lindgren DVM</title><author>Adaline Kris</author></users><users><title>Forrest Koepp</title><author>Sebastian Hill</author></users><users><title>Jadyn Feil</title><author>Nichole Hartmann</author></users><users><title>Chris Runolfsdottir</title><author>Noemie Sanford</author></users><users><title>Miss Geraldine Wiza III</title><author>Shayna Beahan</author></users><users><title>Jodie Becker PhD</title><author>Blaise Crist</author></users><users><title>Norris Frami</title><author>Petra Mertz</author></users><users><title>Blair Kertzmann</title><author>Warren Herman</author></users><users><title>Prof. Madaline Beer MD</title><author>Priscilla Johnston</author></users><users><title>Jermain King</title><author>Osvaldo Ullrich</author></users><users><title>Mrs. Dolly Sauer</title><author>Bernadine Rosenbaum</author></users><users><title>Jade Denesik</title><author>Dwight Wintheiser</author></users><users><title>Haylee Olson</title><author>Garett Gottlieb</author></users><users><title>Ed Kuhn</title><author>Angelina Wiegand</author></users><users><title>Boyd Runolfsson</title><author>Ed Robel</author></users><users><title>Junius Veum</title><author>Marie Johnson</author></users><users><title>Okey Rutherford</title><author>Sammie Rosenbaum</author></users><users><title>Mr. Marcellus Kuvalis</title><author>Freda Dare</author></users><users><title>Mr. Ted Feeney MD</title><author>Kamren Lockman</author></users><users><title>Prof. Lura Kuphal</title><author>Belle Hyatt</author></users><users><title>Abelardo Metz</title><author>Jay Sporer</author></users><users><title>Prof. Johan Yost IV</title><author>Name Fadel</author></users><users><title>Manuela Conn</title><author>Delia Baumbach</author></users><users><title>Lemuel Mann</title><author>Tyson Kertzmann</author></users><users><title>Vince Reynolds III</title><author>Brenda Tremblay</author></users><users><title>Zoie Goyette</title><author>Aditya Carroll</author></users><users><title>Chaz Adams MD</title><author>Merritt Medhurst</author></users><users><title>Eden Thiel</title><author>Korbin Veum</author></users><users><title>Lilly Crooks</title><author>Brenna Streich</author></users><users><title>Amaya Orn</title><author>Douglas Hand</author></users><users><title>Serena Glover</title><author>Carlie Lynch</author></users><users><title>Prof. John Welch DDS</title><author>Jolie Graham</author></users><users><title>Gus Roberts</title><author>Paxton Morar</author></users><users><title>Claude Walsh</title><author>Lucinda Tillman</author></users><users><title>Veronica Mertz I</title><author>Tavares Ankunding</author></users><users><title>Mr. Garry Dooley I</title><author>Toby Labadie</author></users><users><title>Myrtis Waelchi</title><author>Karianne Prosacco</author></users><users><title>How I find myself</title><author>Dr. jone stemp</author></users></document>
